{"cameraMode":{"drawMode":0,"name":"Shaded","section":"Shading Mode"},"sceneLighting":true,"audioPlay":false,"sceneViewState":{"showFog":true,"showMaterialUpdate":true,"showSkybox":true,"showFlares":true,"showImageEffects":true,"showParticleSystems":true},"in2DMode":false,"pivot":{"x":3.9904356002807619,"y":4.58627462387085,"z":7.7638959884643559},"rotation":{"x":0.20991741120815278,"y":0.01290024071931839,"z":-0.0027723098173737528,"w":0.977630078792572},"size":21.659748077392579,"orthographic":false}